policy_id,cust_id,dop,fuel,segment,premium,bodyinjury,personalinjury,propertydamage,collision,comprehensive
12345,400,2018-01-16,CNG,A,958,0,0,0,1,1
12346,401,2018-04-01,CNG,A,1272,1,0,0,0,1
12347,402,2018-07-01,CNG,A,2150,0,1,1,1,0
12348,403,2018-07-01,CNG,A,2123,1,0,1,1,1
12349,404,2018-01-01,CNG,A,1110,1,1,1,1,1
12350,405,2018-01-22,CNG,A,1571,0,0,1,0,0
12351,406,2018-01-19,CNG,A,1030,1,1,1,1,0
12352,407,2018-01-23,CNG,A,1732,1,1,1,0,0
12353,408,2018-01-01,CNG,A,2175,0,0,1,0,1
12354,409,2018-01-20,CNG,A,1725,0,0,0,1,0
12355,410,2018-01-28,CNG,A,1805,0,1,0,1,0
12356,411,2018-01-17,CNG,A,1552,1,1,0,0,1
12357,412,2018-01-29,CNG,A,1888,0,1,1,1,1
12358,413,2018-01-18,CNG,A,1355,1,0,0,1,0
12359,414,2018-01-19,CNG,A,2356,0,0,0,0,1
12360,415,2018-06-01,CNG,A,2102,1,0,0,1,0
12361,416,2018-01-27,CNG,A,1258,1,1,1,1,1
12362,417,2018-01-21,CNG,A,2326,0,1,0,1,1
420,418,2018-01-24,CNG,A,584,1,1,1,1,0
12364,419,2018-08-01,CNG,A,2397,1,1,1,0,0
12365,420,2018-01-23,CNG,A,1493,1,0,0,0,0
12366,420,2018-02-01,CNG,A,661,0,1,1,0,0
12367,420,2018-03-01,CNG,A,685,1,1,0,1,0
12368,420,2018-08-01,CNG,A,1006,1,1,1,1,1
12369,420,2018-01-16,CNG,A,1160,1,0,0,1,1
12370,420,2018-01-25,CNG,A,1602,0,0,0,1,1
12371,420,2018-01-25,CNG,A,2355,0,1,1,1,1
12372,420,2018-05-01,CNG,A,1921,1,1,1,0,1
12373,420,2018-01-01,CNG,A,2200,0,1,0,1,1
12374,420,2018-01-27,CNG,A,2357,0,1,1,1,1
12375,420,2018-01-22,CNG,A,1047,0,1,0,1,0
840,420,2018-04-01,CNG,A,2089,0,1,0,1,0
12377,420,2018-01-15,CNG,A,1780,0,0,0,1,1
12378,420,2018-01-26,CNG,A,1035,1,0,1,0,0
12379,420,2018-01-29,CNG,A,526,1,1,1,0,1
12380,420,2018-01-20,CNG,A,1827,0,0,1,1,0
12381,420,2018-01-24,CNG,A,2003,1,1,0,1,0
12382,420,2018-08-01,CNG,A,1960,0,1,1,1,1
12383,420,2018-03-01,CNG,A,1197,0,1,0,1,0
12384,420,2018-01-01,CNG,A,614,0,1,0,0,1
12385,420,2018-09-01,CNG,A,568,1,1,1,0,0
12386,420,2018-12-01,CNG,A,2149,1,0,1,1,1
12387,420,2018-01-27,CNG,A,1797,1,0,1,0,1
12388,420,2018-01-14,CNG,A,1246,1,0,0,0,0
12389,420,2018-01-24,CNG,A,1295,1,1,0,0,0
12390,420,2018-01-01,CNG,A,642,0,0,1,0,1
12391,420,2018-06-01,CNG,A,1979,1,1,1,1,1
12392,420,2018-01-13,CNG,A,2327,0,0,1,1,1
12393,420,2018-05-01,CNG,A,1025,1,0,0,0,1
12394,420,2018-01-23,CNG,A,529,0,0,0,0,1
12395,420,2018-01-16,CNG,A,2072,0,0,1,0,0
12396,420,2018-01-18,CNG,A,2103,0,0,0,1,0
12397,420,2018-01-15,CNG,A,1929,0,1,0,0,1
12398,420,2018-01-13,CNG,A,2143,1,0,1,1,1
12399,420,2018-11-01,CNG,A,2132,0,0,0,1,0
12400,420,2018-01-13,CNG,A,1459,1,0,0,0,0
12401,420,2018-01-17,CNG,A,1831,1,1,0,0,0
12402,420,2018-01-30,CNG,A,1171,1,1,1,0,0
12403,420,2018-10-01,CNG,A,1692,1,0,1,1,0
12404,420,2018-11-01,CNG,A,1262,0,1,1,0,1
12405,420,2018-03-01,CNG,A,2451,0,1,0,0,0
12406,420,2018-10-01,CNG,A,1906,0,0,1,1,1
12407,420,2018-05-01,CNG,A,2095,1,0,1,1,0
12408,420,2018-01-01,CNG,A,1597,1,0,0,1,0
12409,420,2018-04-01,CNG,A,2362,1,1,0,1,0
12410,420,2018-01-01,CNG,A,1612,1,1,0,1,0
12411,420,2018-03-01,CNG,A,711,0,0,0,1,1
12412,420,2018-12-01,CNG,A,1771,1,0,1,0,1
12413,420,2018-11-01,CNG,A,1301,0,1,0,0,1
12414,420,2018-10-01,CNG,A,2411,1,1,0,0,1
12415,420,2018-06-01,CNG,A,1065,0,1,0,0,1
12416,420,2018-04-01,CNG,A,2393,1,1,1,1,0
12417,420,2018-08-01,CNG,A,1837,1,1,1,0,0
12418,420,2018-05-01,CNG,A,1598,0,0,1,0,0
12419,420,2018-10-02,CNG,A,1072,1,0,1,0,1
12420,420,2018-08-02,CNG,A,591,0,0,1,0,0
12421,420,2018-01-02,CNG,A,1617,1,1,1,0,1
12422,420,2018-03-02,CNG,A,1174,1,0,1,1,0
12423,420,2018-03-02,CNG,A,2241,1,1,1,0,1
12424,420,2018-05-02,CNG,A,2248,1,1,0,1,1
12425,420,2018-11-02,CNG,A,2121,1,1,0,0,1
12426,420,2018-01-02,CNG,A,1994,0,0,0,0,1
12427,420,2018-03-02,CNG,A,2442,1,1,0,0,0
12428,420,2018-05-02,CNG,A,1763,0,1,1,0,0
12429,420,2018-11-02,CNG,A,1494,0,0,0,1,1
12430,420,2018-02-02,CNG,A,2039,1,0,1,1,0
12431,420,2018-06-02,CNG,A,898,1,0,0,0,0
12432,420,2018-05-02,CNG,A,823,0,0,1,1,0
12433,420,2018-03-02,CNG,A,1144,0,1,0,0,0
12434,420,2018-12-02,CNG,A,1051,0,0,1,0,0
12435,420,2018-11-02,CNG,A,1212,0,0,1,0,0
12436,420,2018-04-02,CNG,A,1829,0,1,1,0,0
12437,420,2018-08-02,CNG,A,1548,0,0,0,1,0
12438,420,2018-04-02,CNG,A,1663,1,1,0,1,1
12439,420,2018-10-02,CNG,A,1313,0,0,0,1,1
12440,420,2018-05-02,CNG,A,1915,1,1,1,0,0
12441,420,2018-10-02,CNG,A,1888,0,0,0,1,1
12442,420,2018-12-02,CNG,A,694,1,1,1,0,0
12443,420,2018-01-02,CNG,A,637,0,0,1,1,0
12444,420,2018-06-02,CNG,A,1959,1,1,0,0,1
12445,420,2018-02-02,CNG,A,1673,0,1,1,1,1
12446,420,2018-02-02,CNG,A,934,1,0,1,0,1
12447,420,2018-06-02,CNG,A,2391,1,0,0,1,0
12448,420,2018-06-02,CNG,A,2246,1,0,0,1,0
12449,420,2018-12-02,CNG,A,1328,0,1,1,0,0
12450,420,2018-08-02,CNG,A,2455,1,1,1,1,1
12451,420,2018-05-02,CNG,A,1611,0,1,0,1,0
12452,420,2018-08-02,CNG,A,2256,1,0,0,1,0
12453,420,2018-10-02,CNG,A,1284,0,0,0,0,0
12454,420,2018-06-02,CNG,A,2067,1,1,0,1,0
12455,420,2018-12-02,CNG,A,1477,1,0,0,1,0
12456,420,2018-02-02,CNG,A,865,0,0,0,0,1
12457,420,2018-10-02,CNG,A,1662,0,0,0,1,1
12458,420,2018-02-02,CNG,A,1870,0,0,0,0,0
12459,420,2018-11-02,CNG,A,626,1,1,1,1,0
12460,420,2018-07-03,CNG,A,1658,1,0,1,1,0
12461,420,2018-05-03,CNG,A,1168,0,1,0,1,1
12462,420,2018-02-03,CNG,A,1083,0,0,1,1,0
12463,420,2018-10-03,CNG,A,2253,0,1,0,1,0
12464,420,2018-03-03,CNG,A,708,1,1,1,0,1
12465,420,2018-02-03,CNG,A,2254,1,1,0,1,0
12466,420,2018-01-03,CNG,A,1092,0,1,0,0,1
12467,420,2018-10-03,CNG,A,778,1,0,0,0,1
12468,420,2018-11-03,CNG,A,1041,0,0,1,1,1
12469,420,2018-05-03,CNG,A,2310,0,0,1,1,0
12470,420,2018-10-03,CNG,A,2339,1,1,1,1,0
12471,420,2018-10-03,CNG,A,2218,0,0,1,0,1
12472,420,2018-03-03,CNG,A,1628,1,1,0,0,1
12473,420,2018-10-03,CNG,A,850,1,0,1,1,0
12474,420,2018-09-03,CNG,A,618,0,1,0,1,1
12475,420,2018-08-03,CNG,A,2128,0,0,0,1,0
12476,420,2018-09-03,CNG,A,1213,1,0,0,1,1
12477,420,2018-08-03,CNG,A,749,1,0,1,0,1
12478,420,2018-04-03,CNG,A,2420,0,0,1,0,1
12479,420,2018-10-12,CNG,A,1231,0,1,0,1,0
12480,420,2018-10-12,CNG,A,510,0,1,0,0,1
12481,420,2018-01-12,CNG,A,2376,0,1,1,0,1
12482,420,2018-06-12,CNG,A,1746,1,1,0,1,0
12483,420,2018-07-12,CNG,A,1533,0,0,0,0,1
12484,420,2018-01-12,CNG,A,901,1,1,1,0,0
12485,420,2018-01-12,CNG,A,2021,0,0,1,1,0
12486,420,2018-12-12,CNG,A,1570,0,0,0,0,1
12487,420,2018-09-12,CNG,A,2338,0,0,1,1,0
12488,420,2018-11-12,CNG,A,1065,0,0,1,0,1
12489,420,2018-06-12,CNG,A,2227,0,1,0,0,0
12490,420,2018-03-12,CNG,A,1721,1,0,0,0,0
12491,420,2018-09-12,CNG,A,1914,0,0,1,1,0
12492,420,2018-03-03,CNG,A,1149,0,0,0,0,0
12493,420,2018-01-03,CNG,A,2033,0,0,1,1,1
12494,420,2018-08-03,CNG,A,2025,0,0,0,1,0
12495,420,2018-08-03,CNG,A,743,1,0,1,0,0
12496,420,2018-01-03,CNG,A,1044,1,0,1,0,1
12497,420,2018-10-03,CNG,A,1404,1,0,1,0,0
12498,420,2018-11-03,CNG,A,1569,1,1,1,0,0
12499,420,2018-03-03,CNG,A,1477,1,0,1,0,1
12500,420,2018-11-03,CNG,A,1464,1,1,0,1,1
12501,420,2018-06-03,CNG,A,2487,1,1,0,0,1
12502,420,2018-02-03,CNG,A,2205,0,1,1,1,0
12503,420,2018-04-04,CNG,A,2148,0,0,1,0,1
12504,420,2018-06-04,CNG,A,2006,1,1,0,1,0
12505,420,2018-12-04,CNG,A,2168,1,1,0,0,1
12506,420,2018-11-04,CNG,A,1574,0,1,1,0,0
12507,420,2018-06-04,CNG,A,1764,1,0,0,1,1
12508,420,2018-06-04,CNG,A,2484,1,1,1,1,0
12509,420,2018-10-04,CNG,A,640,1,0,1,1,0
12510,420,2018-06-04,CNG,A,663,0,0,1,1,0
12511,420,2018-08-04,CNG,A,1504,0,0,0,0,0
12512,420,2018-08-04,CNG,A,1908,0,1,0,1,1
12513,420,2018-11-04,CNG,A,519,0,0,0,0,1
12514,420,2018-12-04,CNG,A,1475,1,1,1,1,0
12515,420,2018-05-04,CNG,A,1663,1,0,1,1,0
12516,420,2018-07-04,CNG,A,1179,0,1,0,0,0
12517,420,2018-01-04,CNG,A,898,0,1,1,0,1
12518,420,2018-07-04,CNG,A,641,1,0,1,1,0
12519,420,2018-05-04,CNG,A,1002,0,0,1,0,0
12520,420,2018-10-04,CNG,A,2253,1,0,1,1,1
12521,420,2018-03-04,CNG,A,1100,1,0,0,1,1
12522,420,2018-02-04,CNG,A,2316,0,1,1,1,1
12523,420,2018-12-04,CNG,A,2387,1,0,1,1,1
12524,420,2018-10-04,CNG,A,2193,0,1,0,1,0
12525,420,2018-12-04,CNG,A,2484,1,0,0,0,1
12526,420,2018-03-04,CNG,A,1835,0,0,1,1,1
12527,420,2018-01-04,CNG,A,2310,0,0,1,1,0
12528,420,2018-04-04,CNG,A,545,1,1,0,0,0
12529,420,2018-12-04,CNG,A,1924,1,0,0,1,1
12530,420,2018-04-04,CNG,A,615,1,1,1,0,0
12531,420,2018-06-04,CNG,A,727,1,1,1,0,1
12532,420,2018-11-04,CNG,A,685,0,1,0,1,1
12533,420,2018-08-04,CNG,A,2390,0,0,1,1,1
12534,420,2018-06-04,CNG,A,709,1,0,1,0,1
12535,420,2018-10-04,CNG,A,910,0,1,1,0,0
12536,420,2018-12-04,CNG,A,1030,0,1,1,0,0
12537,420,2018-07-04,CNG,A,1538,1,0,1,1,1
12538,420,2018-06-04,CNG,A,600,0,1,1,0,0
12539,420,2018-03-04,CNG,A,540,1,1,0,0,1
12540,420,2018-07-04,CNG,A,997,1,1,1,0,0
12541,420,2018-05-04,CNG,A,2086,0,0,0,1,1
12542,420,2018-02-04,CNG,A,2491,1,0,0,1,0
12543,420,2018-05-04,CNG,A,651,1,1,1,0,1
12544,420,2018-11-04,CNG,A,1359,1,1,1,1,0
12545,420,2018-06-04,CNG,A,1109,1,0,1,0,1
12546,420,2018-11-04,CNG,A,2347,1,1,1,1,0
12547,420,2018-05-04,CNG,A,966,0,0,1,1,1
12548,420,2018-02-04,CNG,A,935,0,1,0,1,0
12549,420,2018-02-04,CNG,A,2191,0,1,0,0,0
12550,420,2018-07-04,CNG,A,1245,0,1,0,1,0
12551,420,2018-02-04,CNG,A,2448,0,0,1,1,0
12552,420,2018-02-04,CNG,A,525,0,1,1,0,1
12553,420,2018-09-04,CNG,A,1214,1,0,0,1,1
12554,420,2018-08-04,CNG,A,836,1,1,0,1,0
12555,420,2018-06-04,CNG,A,525,1,1,0,0,0
12556,420,2018-02-04,CNG,A,1640,0,1,0,0,0
12557,420,2018-04-04,CNG,A,554,1,0,0,0,0
12558,420,2018-08-04,CNG,A,599,0,1,1,1,0
12559,420,2018-07-04,CNG,A,1269,1,1,1,1,0
12560,420,2018-05-04,CNG,A,838,1,0,0,1,1
12561,420,2018-11-04,CNG,A,745,1,0,1,0,1
12562,420,2018-01-04,CNG,A,1349,1,0,1,1,0
12563,420,2018-05-04,CNG,A,646,1,0,0,1,0
12564,420,2018-07-04,CNG,A,1322,1,1,1,1,0
12565,420,2018-09-04,CNG,A,1050,0,0,1,0,0
12566,420,2018-12-04,CNG,A,2114,0,1,0,0,0
12567,420,2018-03-04,CNG,A,1674,0,0,1,1,1
12568,420,2018-06-04,CNG,A,690,1,1,1,1,0
12569,420,2018-08-04,CNG,A,1679,1,0,1,0,0
12570,420,2018-07-04,CNG,A,1634,1,0,1,1,1
12571,420,2018-09-04,CNG,A,1241,1,1,1,0,1
12572,420,2018-08-04,CNG,A,774,1,1,1,0,0
12573,420,2018-08-04,CNG,A,1049,1,0,1,1,0
12574,420,2018-05-04,CNG,A,697,0,0,0,1,1
12575,420,2018-12-04,CNG,A,653,0,1,0,0,0
12576,420,2018-09-04,CNG,A,1908,1,0,0,1,0
12577,420,2018-08-04,CNG,A,2445,0,0,1,0,1
12578,420,2018-04-04,CNG,A,613,1,0,1,0,1
12579,420,2018-01-04,CNG,A,1560,1,0,1,1,1
12580,420,2018-09-04,CNG,A,1651,0,1,0,0,1
12581,420,2018-03-04,CNG,A,2490,1,1,1,0,1
12582,420,2018-02-05,CNG,A,1669,0,0,1,0,0
12583,420,2018-08-05,CNG,A,1774,1,0,1,0,0
12584,420,2018-07-05,CNG,A,1556,1,0,1,1,0
12585,420,2018-02-05,CNG,A,890,1,1,1,0,0
12586,420,2018-05-05,CNG,A,1169,0,0,0,1,1
12587,420,2018-03-05,CNG,A,1479,0,0,1,1,1
12588,420,2018-09-05,CNG,A,1103,0,0,0,0,1
12589,420,2018-10-05,CNG,A,1747,1,1,1,1,0
12590,420,2018-11-05,CNG,A,2047,1,1,1,0,0
12591,420,2018-10-05,CNG,A,878,1,1,1,1,0
12592,420,2018-01-05,CNG,A,2073,1,1,0,1,0
12593,420,2018-06-05,CNG,A,519,0,1,1,0,0
12594,420,2018-05-05,CNG,A,1215,1,1,0,0,0
12595,420,2018-11-05,CNG,A,1821,0,1,1,0,0
12596,420,2018-10-05,CNG,A,598,1,0,1,1,0
12597,420,2018-06-05,CNG,A,1768,0,0,0,1,0
12598,420,2018-06-05,CNG,A,1821,1,0,0,1,0
12599,420,2018-07-05,CNG,A,2093,0,0,1,0,0
12600,420,2018-02-05,CNG,A,727,0,1,1,0,1
12601,420,2018-12-05,CNG,A,2038,1,1,0,0,0
12602,420,2018-09-05,CNG,A,1830,1,1,0,1,0
12603,420,2018-06-05,CNG,A,1607,0,1,0,1,0
12604,420,2018-02-05,CNG,A,1591,1,0,0,1,1
12605,420,2018-12-05,CNG,A,856,1,1,0,0,1
12606,420,2018-07-05,CNG,A,2135,1,0,0,1,1
12607,420,2018-08-05,CNG,A,854,1,1,0,0,0
12608,420,2018-12-05,CNG,A,2202,1,0,1,0,1
12609,420,2018-02-05,CNG,A,1282,0,0,1,1,1
12610,420,2018-11-05,CNG,A,1975,1,1,0,1,0
12611,420,2018-02-05,CNG,A,1390,1,0,1,0,1
12612,420,2018-09-05,CNG,A,642,0,1,1,0,0
12613,420,2018-06-05,CNG,A,1453,1,0,0,0,1
12614,420,2018-07-05,CNG,A,2031,0,0,0,1,1
12615,420,2018-05-05,CNG,A,2212,1,0,0,1,0
12616,420,2018-12-05,CNG,A,902,0,0,1,1,1
12617,420,2018-11-05,CNG,A,2365,0,1,1,0,1
12618,420,2018-02-05,CNG,A,733,1,1,1,0,0
12619,420,2018-11-05,CNG,A,2266,1,1,0,0,1
12620,420,2018-12-05,CNG,A,2373,1,1,0,1,0
12621,420,2018-07-05,CNG,A,776,1,0,0,0,0
12622,420,2018-05-05,CNG,A,1729,1,1,0,0,0
12623,420,2018-12-06,CNG,A,2437,0,1,1,1,1
12624,420,2018-09-06,CNG,A,1173,0,0,0,0,1
12625,420,2018-09-06,CNG,A,751,0,1,1,1,1
12626,420,2018-06-06,CNG,A,2499,1,1,0,0,0
12627,420,2018-11-06,CNG,A,2292,1,0,0,0,0
12628,420,2018-01-06,CNG,A,1359,0,0,1,0,1
12629,420,2018-01-06,CNG,A,613,0,0,1,0,0
12630,420,2018-07-06,CNG,A,694,1,1,1,1,0
12631,420,2018-01-06,CNG,A,585,1,0,1,0,0
12632,420,2018-09-06,CNG,A,1965,0,1,0,0,0
12633,420,2018-08-06,CNG,A,1414,0,0,0,0,0
12634,420,2018-10-06,CNG,A,1015,0,0,1,0,0
12635,420,2018-12-06,CNG,A,1074,0,0,1,0,0
12636,420,2018-02-06,CNG,A,1583,1,1,0,0,1
12637,420,2018-07-06,CNG,A,873,0,0,0,0,0
12638,420,2018-04-06,CNG,A,1650,0,1,0,1,1
12639,420,2018-12-06,CNG,A,2104,1,1,1,1,0
12640,420,2018-07-06,CNG,A,1328,0,0,1,1,1
12641,420,2018-10-06,CNG,A,2390,1,0,0,0,0
12642,420,2018-04-06,CNG,A,948,0,0,1,0,0
12643,420,2018-06-06,CNG,A,1116,1,1,1,0,0
12644,420,2018-07-06,CNG,A,1101,1,0,0,1,1
12645,420,2018-02-06,CNG,A,1302,1,1,0,1,1
12646,420,2018-11-06,CNG,A,1895,0,1,0,1,1
12647,420,2018-03-06,CNG,A,1601,0,1,0,0,0
12648,420,2018-06-06,CNG,A,1110,1,0,1,0,1
12649,420,2018-08-06,CNG,A,2049,1,0,1,0,1
12650,420,2018-11-06,CNG,A,598,1,0,0,1,0
12651,420,2018-11-06,CNG,A,1023,0,1,0,0,1
12652,420,2018-05-06,CNG,A,1638,1,1,0,1,1
12653,420,2018-10-06,CNG,A,2076,1,1,0,0,1
12654,420,2018-04-06,CNG,A,738,0,1,1,1,0
12655,420,2018-06-06,CNG,A,1869,0,0,1,0,0
12656,420,2018-11-06,CNG,A,2455,1,0,0,1,1
12657,420,2018-02-06,CNG,A,1506,0,0,1,1,0
12658,420,2018-01-06,CNG,A,1615,1,0,0,1,0
12659,420,2018-06-07,CNG,A,2399,1,0,0,1,0
12660,420,2018-05-07,CNG,A,761,0,1,0,0,0
12661,420,2018-05-07,CNG,A,1553,1,0,0,1,1
12662,420,2018-06-07,CNG,A,1873,0,1,1,0,0
12663,420,2018-03-07,CNG,A,2190,0,1,1,1,1
12664,420,2018-03-07,CNG,A,1150,1,0,0,0,0
12665,420,2018-08-07,CNG,A,2495,1,1,1,1,1
12666,420,2018-03-07,CNG,A,1211,1,0,1,1,0
12667,420,2018-07-07,CNG,A,1944,0,0,0,0,0
12668,420,2018-07-07,CNG,A,795,0,1,1,0,1
12669,420,2018-07-07,CNG,A,1726,0,1,1,1,1
12670,420,2018-05-07,CNG,A,1412,1,0,0,1,1
12671,420,2018-02-07,CNG,A,681,1,0,1,1,0
12672,420,2018-11-07,CNG,A,1428,1,1,0,0,0
12673,420,2018-09-07,CNG,A,1891,1,0,0,1,1
12674,420,2018-10-07,CNG,A,621,1,1,0,0,1
12675,420,2018-05-07,CNG,A,1475,0,0,0,1,0
12676,420,2018-02-07,CNG,A,2205,0,1,0,1,1
12677,420,2018-04-07,CNG,A,555,1,0,0,1,0
12678,420,2018-11-07,CNG,A,2437,0,1,0,1,1
12679,420,2018-09-07,CNG,A,1837,0,0,1,1,1
12680,420,2018-06-07,CNG,A,1798,1,0,1,0,1
12681,420,2018-11-07,CNG,A,1759,0,0,0,1,0
12682,420,2018-02-07,CNG,A,2125,0,0,1,0,0
12683,420,2018-05-07,CNG,A,1429,0,1,0,1,1
12684,420,2018-08-07,CNG,A,548,1,0,1,1,1
12685,420,2018-10-07,CNG,A,2081,1,1,1,0,0
12686,420,2018-11-07,CNG,A,940,1,0,0,0,1
12687,420,2018-04-07,CNG,A,1835,1,1,1,0,1
12688,420,2018-01-07,CNG,A,744,1,0,0,0,1
12689,420,2018-08-07,CNG,A,1193,0,0,1,0,1
12690,420,2018-01-07,CNG,A,1328,0,0,0,0,1
12691,420,2018-01-07,CNG,A,1752,1,1,1,1,1
12692,420,2018-06-07,CNG,A,614,1,0,0,1,1
12693,420,2018-10-07,CNG,A,644,0,0,1,0,1
12694,420,2018-03-07,CNG,A,2362,0,1,1,0,0
12695,420,2018-05-08,CNG,A,1450,1,0,0,0,0
12696,420,2018-10-08,CNG,A,2032,0,1,1,0,0
12697,420,2018-10-08,CNG,A,516,0,0,0,0,0
12698,420,2018-03-08,CNG,A,513,0,1,1,0,0
12699,420,2018-06-08,CNG,A,677,1,1,1,1,1
12700,755,2018-02-08,CNG,A,2050,1,0,0,1,1
12701,756,2018-02-08,CNG,A,785,0,1,0,1,0
12702,757,2018-03-08,CNG,A,1770,1,1,0,0,1
12703,758,2018-03-08,CNG,A,2437,0,0,1,0,1
12704,759,2018-04-08,CNG,A,595,0,0,1,1,0
12705,760,2018-10-08,CNG,A,1868,1,1,0,1,0
12706,761,2018-05-08,CNG,A,1300,0,1,0,0,1
12707,762,2018-12-08,CNG,A,1830,0,0,1,1,0
12708,763,2018-07-08,CNG,A,1893,0,1,1,1,0
12709,764,2018-07-08,CNG,A,1256,0,1,1,0,0
12710,765,2018-11-08,CNG,A,839,1,0,0,1,0
12711,766,2018-08-08,CNG,A,1954,0,0,0,1,0
12712,767,2018-07-08,CNG,A,2001,1,1,0,0,0
12713,768,2018-04-08,CNG,A,1375,1,1,1,1,1
12714,769,2018-11-08,CNG,A,1134,0,0,0,0,1
12715,770,2018-05-08,CNG,A,2239,0,0,0,0,0
12716,771,2018-02-08,CNG,A,2445,1,0,0,1,0
12717,772,2018-05-08,CNG,A,1095,0,0,0,0,1
12718,773,2018-05-08,CNG,A,2326,1,0,1,0,0
12719,774,2018-03-08,CNG,A,1169,0,0,0,1,0
12720,775,2018-08-08,CNG,A,1186,1,0,0,0,1
12721,776,2018-06-08,CNG,A,1362,0,1,0,0,0
12722,777,2018-06-08,CNG,A,1091,0,1,0,1,0
12723,778,2018-11-08,CNG,A,1133,0,0,0,1,0
12724,779,2018-11-08,CNG,A,1657,1,1,0,1,0
12725,780,2018-07-08,CNG,A,1265,0,0,0,0,0
12726,781,2018-02-08,CNG,A,2162,1,0,0,0,0
12727,782,2018-08-08,CNG,A,1675,0,1,1,1,0
12728,783,2018-03-08,CNG,A,1066,1,1,1,0,1
12729,784,2018-03-08,CNG,A,1008,1,0,0,1,1
12730,785,2018-03-09,CNG,A,508,0,0,1,1,0
12731,786,2018-12-09,CNG,A,708,1,0,0,1,0
12732,787,2018-01-09,CNG,A,2129,1,1,1,1,1
12733,788,2018-11-09,CNG,A,1633,0,1,0,1,1
12734,789,2018-01-09,CNG,A,954,1,1,1,0,0
12735,790,2018-02-09,CNG,A,1413,1,1,1,1,0
12736,791,2018-05-09,CNG,A,1674,0,0,1,0,1
12737,792,2018-12-09,CNG,A,2246,1,1,0,0,1
12738,793,2018-12-09,CNG,A,1700,0,1,0,1,1
12739,794,2018-01-09,CNG,A,782,1,1,1,1,1
12740,795,2018-06-09,CNG,A,2069,0,0,1,0,1
12741,796,2018-08-09,CNG,A,1932,1,1,1,0,0
12742,797,2018-04-09,CNG,A,1389,1,1,0,1,0
12743,798,2018-09-09,CNG,A,1378,0,0,0,1,1
12744,799,2018-08-09,CNG,A,1142,1,1,1,0,0
12745,800,2018-09-09,CNG,A,1305,1,1,0,1,0
12746,801,2018-05-09,CNG,A,790,1,0,1,1,1
12747,802,2018-06-09,CNG,A,811,0,1,1,0,0
12748,803,2018-06-09,CNG,A,1860,0,1,0,1,1
12749,804,2018-04-09,CNG,A,1858,0,1,0,0,0
12750,805,2018-10-09,CNG,A,1981,1,0,1,1,1
12751,806,2018-11-09,CNG,A,1654,0,1,0,0,0
12752,807,2018-12-09,CNG,A,2449,0,1,1,0,1
12753,808,2018-11-09,CNG,A,2087,1,1,0,0,0
12754,809,2018-05-09,CNG,A,1815,0,1,0,1,1
12755,810,2018-11-09,CNG,A,781,1,1,1,1,1
12756,811,2018-01-09,CNG,A,2428,1,0,0,0,0
12757,812,2018-07-09,CNG,A,587,0,1,1,1,0
12758,813,2018-12-09,CNG,A,1897,1,0,1,1,0
12759,814,2018-04-09,CNG,A,517,0,1,0,1,1
12760,815,2018-06-09,CNG,A,1705,0,1,1,1,0
12761,816,2018-07-09,CNG,A,912,1,0,1,1,0
12762,817,2018-06-09,CNG,A,2204,1,1,1,0,0
12763,818,2018-06-09,CNG,A,2207,0,1,1,0,0
12764,819,2018-01-09,CNG,A,1943,0,0,1,1,0
12765,820,2018-07-09,CNG,A,1625,0,1,1,1,0
12766,821,2018-06-09,CNG,A,762,1,0,1,1,0
12767,822,2018-09-09,CNG,A,1595,0,0,0,1,0
12768,823,2018-05-09,CNG,A,625,0,0,0,0,0
12769,824,2018-04-09,CNG,A,1484,0,0,0,0,0
12770,825,2018-10-09,CNG,A,1604,1,1,1,0,1
12771,826,2018-02-09,CNG,A,1046,0,0,1,1,1
12772,827,2018-12-09,CNG,A,694,0,0,1,0,1
12773,828,2018-03-09,CNG,A,1248,1,1,1,0,1
12774,829,2018-01-09,CNG,A,2111,1,0,1,0,1
12775,830,2018-06-09,CNG,A,1648,0,1,1,1,1
12776,831,2018-04-09,CNG,A,630,0,0,0,0,0
12777,832,2018-05-09,CNG,A,1829,0,0,0,0,0
12778,833,2018-04-09,CNG,A,2113,0,0,0,0,0
12779,834,2018-02-09,CNG,A,734,1,1,0,1,0
12780,835,2018-06-09,CNG,A,2177,1,0,1,0,1
12781,836,2018-01-09,CNG,A,1923,0,0,1,0,1
12782,837,2018-06-09,CNG,A,1340,0,1,0,0,1
12783,838,2018-10-09,CNG,A,1282,1,0,0,1,0
12784,839,2018-11-10,CNG,A,2479,1,1,0,1,1
12785,840,2018-05-10,CNG,A,1206,0,1,1,1,0
12786,840,2018-01-10,CNG,A,1116,1,0,0,0,1
12787,840,2018-08-10,CNG,A,1845,0,1,0,1,0
12788,840,2018-06-10,CNG,A,600,0,1,0,0,1
12789,840,2018-03-10,CNG,A,812,1,1,1,0,0
12790,840,2018-06-10,CNG,A,2278,1,1,0,1,0
12791,840,2018-12-10,CNG,A,1488,1,0,1,0,0
12792,840,2018-03-10,CNG,A,1445,0,1,0,0,1
12793,840,2018-10-10,CNG,A,1677,1,0,0,0,0
12794,840,2018-12-10,CNG,A,2143,0,0,0,0,1
12795,840,2018-10-10,CNG,A,1124,0,1,1,1,0
12796,840,2018-02-10,CNG,A,2076,1,0,0,0,1
12797,840,2018-07-10,CNG,A,614,0,0,0,0,1
12798,840,2018-06-10,CNG,A,854,1,0,1,0,1
12799,840,2018-04-10,CNG,A,861,1,0,0,0,0
12800,840,2018-05-10,CNG,A,2323,1,0,0,1,0
12801,840,2018-01-10,CNG,A,508,0,0,0,1,1
12802,840,2018-01-10,CNG,A,1484,1,0,1,1,0
12803,840,2018-04-10,CNG,A,1273,0,1,1,0,0
12804,840,2018-10-10,CNG,A,796,0,1,0,1,0
12805,840,2018-06-10,CNG,A,681,0,1,1,1,0
12806,840,2018-02-10,CNG,A,1639,1,1,1,1,1
12807,840,2018-04-10,CNG,A,791,0,0,1,1,1
12808,840,2018-11-10,CNG,A,845,1,1,1,0,1
12809,840,2018-01-10,CNG,A,920,0,1,0,1,0
12810,840,2018-06-10,CNG,A,2123,0,0,0,1,1
12811,840,2018-12-10,CNG,A,1973,1,0,0,0,0
12812,840,2018-04-10,CNG,A,2234,0,0,1,1,1
12813,840,2018-10-10,CNG,A,1988,0,0,0,0,0
12814,840,2018-11-10,CNG,A,2366,1,1,0,0,0
12815,840,2018-03-10,CNG,A,1773,1,0,1,0,0
12816,840,2018-02-10,CNG,A,1017,1,0,1,0,0
12817,840,2018-02-10,CNG,A,1008,1,1,1,0,1
12818,840,2018-08-10,CNG,A,1088,1,0,0,1,1
12819,840,2018-03-10,CNG,A,923,1,0,1,0,1
12820,840,2018-05-10,CNG,A,813,1,0,1,0,1
12821,840,2018-12-10,CNG,A,1982,1,1,1,1,1
12822,840,2018-07-11,CNG,A,549,1,1,0,1,1
12823,840,2018-03-11,CNG,A,1389,0,0,1,0,1
12824,840,2018-10-11,CNG,A,2268,0,0,0,1,1
12825,840,2018-01-11,CNG,A,770,1,1,0,0,1
12826,840,2018-02-11,CNG,A,887,1,0,1,1,0
12827,840,2018-02-11,CNG,A,1758,1,0,1,1,0
12828,840,2018-03-11,CNG,A,1018,1,0,1,0,1
12829,840,2018-06-11,CNG,A,2162,1,1,0,1,0
12830,840,2018-04-11,CNG,A,860,0,1,1,1,1
12831,840,2018-12-11,CNG,A,1319,0,1,1,0,0
12832,840,2018-04-11,CNG,A,1918,1,1,1,1,0
12833,840,2018-06-11,CNG,A,732,0,1,1,1,0
12834,840,2018-03-11,CNG,A,1019,1,1,0,1,0
12835,840,2018-06-11,CNG,A,2415,0,1,1,0,0
12836,840,2018-01-11,CNG,A,1538,1,0,1,1,0
12837,840,2018-03-11,CNG,A,2279,1,0,1,1,0
12838,840,2018-01-11,CNG,A,2218,0,0,0,0,0
12839,840,2018-10-11,CNG,A,1653,1,0,1,0,0
12840,840,2018-04-11,CNG,A,2436,1,1,1,0,1
12841,840,2018-08-11,CNG,A,1673,0,0,0,1,0
12842,840,2018-10-11,CNG,A,2332,0,0,0,1,1
12843,840,2018-08-11,CNG,A,959,0,0,1,0,1
12844,840,2018-03-11,CNG,A,837,1,0,0,1,1
12845,840,2018-06-11,CNG,A,2434,0,0,1,1,0
12846,840,2018-11-11,CNG,A,1778,1,1,0,1,1
12847,840,2018-03-11,CNG,A,2417,0,0,1,1,1
12848,840,2018-01-11,CNG,A,1775,1,1,0,0,0
12849,840,2018-02-11,CNG,A,1210,0,1,0,1,0
12850,840,2018-01-11,CNG,A,568,0,1,1,1,1
12851,840,2018-10-11,CNG,A,724,1,0,1,1,0
12852,840,2018-12-11,CNG,A,1760,1,1,1,1,1
12853,840,2018-02-11,CNG,A,1345,1,1,1,1,0
12854,840,2018-06-11,CNG,A,2094,1,1,0,0,0
12855,840,2018-03-11,CNG,A,2241,1,1,1,0,0
12856,840,2018-04-11,CNG,A,1488,1,1,0,1,1
12857,840,2018-02-11,CNG,A,1028,1,1,1,1,1
12858,840,2018-08-11,CNG,A,1252,0,0,1,1,0
12859,840,2018-10-11,CNG,A,2445,0,0,1,0,0
12860,840,2018-11-05,CNG,A,1525,1,0,1,1,0
12861,840,2018-10-05,CNG,A,1157,1,0,0,1,0
12862,840,2018-01-05,CNG,A,902,1,0,0,1,0
12863,840,2018-06-05,CNG,A,2082,0,0,0,1,0
12864,840,2018-05-05,CNG,A,1723,1,1,0,1,1
12865,840,2018-11-05,CNG,A,1532,0,0,1,1,1
12866,840,2018-10-05,CNG,A,972,0,0,1,0,0
12867,840,2018-06-05,CNG,A,1089,0,1,0,1,1
12868,840,2018-06-05,CNG,A,2400,1,1,1,1,1
12869,840,2018-07-05,CNG,A,1667,1,1,1,1,0
12870,840,2018-02-05,CNG,A,908,1,1,0,1,1
12871,840,2018-12-05,CNG,A,1719,1,0,1,0,1
12872,840,2018-09-05,CNG,A,1148,0,1,1,0,0
12873,840,2018-06-05,CNG,A,1412,0,1,0,0,1
12874,840,2018-02-05,CNG,A,1291,1,0,0,1,0
12875,840,2018-12-05,CNG,A,1211,1,0,1,1,1
12876,840,2018-07-05,CNG,A,995,1,0,1,1,0
12877,840,2018-08-05,CNG,A,724,1,1,1,1,0
12878,840,2018-12-05,CNG,A,1177,1,0,0,1,1
12879,840,2018-02-05,CNG,A,2403,0,0,0,1,0
12880,840,2018-11-05,CNG,A,1134,0,1,0,0,0
12881,840,2018-02-05,CNG,A,2419,1,1,1,1,0
12882,840,2018-09-05,CNG,A,1049,0,1,1,1,1
12883,840,2018-06-05,CNG,A,1123,0,1,0,0,0
12884,840,2018-07-05,CNG,A,1571,1,0,1,0,1
12885,840,2018-05-05,CNG,A,1540,1,0,1,0,1
12886,840,2018-12-05,CNG,A,2154,1,1,0,1,1
12887,840,2018-11-05,CNG,A,1188,1,1,1,0,1
12888,840,2018-02-05,CNG,A,2465,1,1,1,0,0
12889,840,2018-11-05,CNG,A,1972,0,0,0,0,1
12890,840,2018-12-05,CNG,A,947,0,1,1,0,0
12891,840,2018-07-05,CNG,A,2032,0,1,0,1,1
12892,840,2018-05-05,CNG,A,1409,0,1,1,0,1
12893,840,2018-12-06,CNG,A,1353,0,1,0,1,1
12894,840,2018-09-06,CNG,A,2449,1,1,0,1,0
12895,840,2018-09-06,CNG,A,1602,1,0,1,0,1
12896,840,2018-06-06,CNG,A,1400,0,0,1,0,1
12897,840,2018-11-06,CNG,A,915,0,0,1,1,1
12898,840,2018-01-06,CNG,A,601,0,0,1,1,1
12899,840,2018-01-06,CNG,A,1898,1,0,0,0,0
12900,840,2018-07-06,CNG,A,1852,1,1,0,1,1
12901,840,2018-01-06,CNG,A,686,1,0,0,1,1
12902,840,2018-09-06,CNG,A,1914,0,1,1,0,1
12903,840,2018-08-06,CNG,A,689,0,1,1,0,1
12904,840,2018-10-06,CNG,A,776,1,1,0,1,0
12905,840,2018-12-06,CNG,A,1399,0,0,1,0,1
12906,840,2018-02-06,CNG,A,2344,0,0,1,0,1
12907,840,2018-07-06,CNG,A,1010,1,1,1,1,1
12908,840,2018-04-06,CNG,A,1988,0,1,0,1,1
12909,840,2018-12-06,CNG,A,634,0,1,1,0,0
12910,840,2018-07-06,CNG,A,2100,0,0,1,1,0
12911,840,2018-10-06,CNG,A,635,1,1,0,0,1
12912,840,2018-04-06,CNG,A,1829,1,1,1,1,0
12913,840,2018-06-06,CNG,A,582,1,0,0,1,1
12914,840,2018-07-06,CNG,A,1884,1,0,0,0,0
12915,840,2018-02-06,CNG,A,2203,0,1,1,0,0
12916,840,2018-11-06,CNG,A,946,1,0,0,1,0
12917,840,2018-03-06,CNG,A,716,0,1,1,1,1
12918,840,2018-06-06,CNG,A,1625,0,1,0,1,1
12919,840,2018-08-06,CNG,A,837,0,0,0,1,0
12920,840,2018-11-06,CNG,A,2469,1,1,1,0,1
12921,840,2018-11-06,CNG,A,1162,0,0,1,0,1
12922,840,2018-05-06,CNG,A,1565,0,0,1,1,0
12923,840,2018-10-06,CNG,A,2313,1,0,0,1,0
12924,840,2018-04-06,CNG,A,741,1,0,0,1,1
12925,840,2018-06-06,CNG,A,1845,1,0,1,0,0
12926,840,2018-11-06,CNG,A,1325,0,1,1,0,1
12927,840,2018-02-06,CNG,A,1570,1,1,1,0,1
12928,840,2018-01-06,CNG,A,2209,0,0,1,1,1
12929,840,2018-06-07,CNG,A,538,0,1,0,1,0
12930,840,2018-05-07,CNG,A,1895,1,1,1,1,1
12931,840,2018-05-07,CNG,A,2182,0,1,0,1,1
12932,840,2018-06-07,CNG,A,1483,1,1,0,0,1
12933,840,2018-03-07,CNG,A,1241,1,0,1,1,0
12934,840,2018-03-07,CNG,A,1256,0,0,1,0,0
12935,840,2018-08-07,CNG,A,2340,0,0,0,1,0
12936,840,2018-03-07,CNG,A,2365,0,1,1,0,0
12937,840,2018-07-07,CNG,A,651,1,1,0,0,0
12938,840,2018-07-07,CNG,A,2141,0,1,0,0,1
12939,840,2018-07-07,CNG,A,1358,0,1,1,1,1
12940,995,2018-05-07,CNG,A,2094,1,0,0,0,0
12941,996,2018-02-07,CNG,A,1962,0,1,1,1,0
12942,997,2018-11-07,CNG,A,2055,1,0,1,0,0
12943,998,2018-09-07,CNG,A,1542,1,0,1,1,1
12944,999,2018-10-07,CNG,A,1339,0,1,1,1,0
12945,1000,2018-05-07,CNG,A,2284,1,0,1,0,1
12946,1001,2018-02-07,CNG,A,1340,1,1,1,1,1
12947,1002,2018-04-07,CNG,A,2041,0,0,0,0,1
12948,1003,2018-11-07,CNG,A,861,1,0,0,1,0
12949,1004,2018-09-07,CNG,B,1047,1,1,0,0,0
12950,1005,2018-06-07,CNG,B,2001,1,0,0,0,0
12951,1006,2018-11-07,CNG,B,1327,0,0,0,0,1
12952,1007,2018-02-07,CNG,B,2367,0,0,1,0,1
12953,1008,2018-05-07,CNG,B,1829,1,0,0,1,0
12954,1009,2018-08-07,CNG,B,1744,0,0,1,1,1
12955,1010,2018-10-07,CNG,B,878,0,1,0,0,0
12956,1011,2018-11-07,Petrol,B,641,0,0,0,1,1
12957,1012,2018-04-07,Petrol,B,1096,1,1,1,1,1
12958,1013,2018-01-07,Petrol,B,1761,1,0,0,1,1
12959,1014,2018-08-07,Petrol,B,875,1,0,0,1,1
12960,1015,2018-01-07,Petrol,B,698,0,1,0,0,0
12961,1016,2018-01-07,Petrol,B,1251,1,1,0,0,0
12962,1017,2018-06-07,Petrol,B,1500,1,1,0,0,1
12963,1018,2018-10-07,Petrol,B,2422,1,0,1,0,1
12964,1019,2018-03-07,Petrol,B,1197,1,0,1,1,1
12965,1020,2018-05-08,Petrol,B,1507,1,1,1,0,1
12966,1021,2018-10-08,Petrol,B,609,0,0,1,0,1
12967,1022,2018-10-08,Petrol,B,1339,1,0,1,0,1
12968,1023,2018-03-08,Petrol,B,1730,0,0,1,0,0
12969,1024,2018-06-08,Petrol,B,2164,1,1,1,1,1
12970,1025,2018-02-08,Petrol,B,1791,0,0,1,0,1
12971,1026,2018-02-08,Petrol,B,759,1,1,1,0,0
12972,1027,2018-03-08,Petrol,B,1199,1,0,0,1,0
12973,1028,2018-03-08,Petrol,B,1214,1,1,1,1,1
12974,1029,2018-04-08,Petrol,B,2104,1,0,1,0,1
12975,1030,2018-10-08,Petrol,B,538,1,0,1,0,1
12976,1031,2018-05-08,Petrol,B,1951,0,0,1,0,0
12977,1032,2018-12-08,Petrol,B,804,0,1,1,0,1
12978,1033,2018-07-08,Petrol,B,1778,1,0,1,0,0
12979,1034,2018-07-08,Petrol,B,1368,0,0,0,0,1
12980,1035,2018-11-08,Petrol,B,1744,0,1,1,1,1
12981,1036,2018-08-08,Petrol,B,844,1,0,0,0,1
12982,1037,2018-07-08,Petrol,B,1769,1,1,1,1,1
12983,1038,2018-04-08,Petrol,B,873,1,1,1,1,0
12984,1039,2018-11-08,Petrol,B,2088,1,1,0,0,1
12985,1040,2018-05-08,Petrol,B,520,0,1,0,1,0
12986,1041,2018-02-08,Petrol,B,1642,1,1,0,1,1
12987,1042,2018-05-08,Petrol,B,1261,1,1,1,0,1
12988,1043,2018-05-08,Petrol,B,2266,0,0,1,1,0
12989,1044,2018-03-08,Petrol,B,2302,0,0,1,1,1
12990,1045,2018-08-08,Petrol,B,2191,0,1,1,0,1
12991,1046,2018-06-08,Petrol,B,620,1,0,0,1,0
12992,1047,2018-06-08,Petrol,B,874,1,1,1,0,1
12993,1048,2018-11-08,Petrol,B,1217,1,0,1,0,1
12994,1049,2018-11-08,Petrol,B,586,0,1,0,1,0
12995,1050,2018-07-08,Petrol,B,972,0,1,1,0,1
12996,1051,2018-02-08,Petrol,B,958,1,1,0,1,0
12997,1052,2018-08-08,Petrol,B,1971,1,1,0,1,0
12998,1053,2018-03-08,Petrol,B,1225,1,1,1,0,0
12999,1054,2018-03-08,Petrol,B,1789,0,1,1,0,1
13000,1055,2018-03-09,Petrol,B,523,0,1,0,1,1
13001,1056,2018-12-09,Petrol,B,1548,1,1,1,1,1
13002,1057,2018-01-09,Petrol,B,1524,0,0,1,0,0
13003,1058,2018-11-09,Petrol,B,752,1,0,1,0,1
13004,1059,2018-01-09,Petrol,B,1787,0,1,1,0,0
13005,1060,2018-02-09,Petrol,B,1416,1,0,0,1,1
13006,1061,2018-05-09,Petrol,B,1685,1,0,0,1,1
13007,1062,2018-12-09,Petrol,B,920,0,0,0,0,0
13008,1063,2018-12-09,Petrol,B,1976,1,1,1,0,1
13009,1064,2018-01-09,Petrol,B,2353,1,1,1,1,0
13010,1065,2018-06-09,Petrol,B,1045,1,0,1,1,0
13011,1066,2018-08-09,Petrol,B,1998,1,0,1,0,0
13012,1067,2018-04-09,Petrol,B,593,0,0,1,0,1
13013,1068,2018-09-09,Petrol,B,1994,1,1,0,1,0
13014,1069,2018-08-09,Petrol,B,1595,0,0,0,0,1
13015,1070,2018-09-09,Petrol,B,2181,0,1,0,1,0
13016,1071,2018-05-09,Petrol,B,2403,0,0,1,1,0
13017,1072,2018-06-09,Petrol,B,1918,1,0,0,1,0
13018,1073,2018-06-09,Petrol,B,1651,0,1,1,0,1
13019,1074,2018-04-09,Petrol,B,541,1,1,1,0,0
13020,1075,2018-10-09,Petrol,B,1164,1,1,0,0,0
13021,1076,2018-11-09,Petrol,B,2289,0,1,0,0,0
13022,1077,2018-12-09,Petrol,B,1519,0,1,1,0,1
13023,1078,2018-11-09,Petrol,B,1840,1,0,1,1,1
13024,1079,2018-05-09,Petrol,B,1798,0,0,0,0,1
13025,1080,2018-11-09,Petrol,B,933,0,0,1,1,0
13026,1081,2018-01-09,Petrol,B,2291,0,0,0,1,1
13027,1082,2018-07-09,Petrol,B,648,1,0,0,1,0
13028,1083,2018-12-09,Petrol,B,1933,1,0,1,0,0
13029,1084,2018-04-09,Petrol,B,911,0,0,0,0,0
13030,1085,2018-06-09,Petrol,B,2299,1,0,1,1,1
13031,1086,2018-07-09,Petrol,B,620,0,1,1,0,0
13032,1087,2018-06-09,Petrol,B,2418,0,1,0,1,0
13033,1088,2018-06-09,Petrol,B,1785,1,0,0,0,0
13034,1089,2018-01-09,Petrol,B,2139,1,1,1,0,0
13035,1090,2018-07-09,Petrol,B,2023,0,1,1,1,1
13036,1091,2018-06-09,Petrol,B,2099,0,0,0,0,1
13037,1092,2018-09-09,Petrol,B,1559,1,0,0,1,0
13038,1093,2018-05-09,Petrol,B,1277,0,0,0,1,1
13039,1094,2018-04-09,Petrol,B,2487,1,1,0,0,1
13040,1095,2018-10-09,Petrol,B,1717,0,0,0,1,1
13041,1096,2018-02-09,Petrol,B,2342,1,1,0,0,0
13042,1097,2018-12-09,Petrol,B,717,0,1,1,1,0
13043,1098,2018-03-09,Petrol,B,1533,0,0,0,1,0
13044,1099,2018-01-09,Petrol,B,751,1,0,1,0,0
13045,1100,2018-06-09,Petrol,B,2277,1,0,0,0,1
13046,1101,2018-04-09,Petrol,B,2205,0,0,0,0,1
13047,1102,2018-05-09,Petrol,B,1095,1,0,0,0,1
13048,1103,2018-04-09,Petrol,B,552,0,0,1,1,1
13049,1104,2018-02-09,Petrol,B,2489,1,0,1,0,0
13050,1105,2018-06-09,Petrol,B,2345,1,1,1,0,0
13051,1106,2018-01-09,Petrol,B,1712,0,0,1,0,0
13052,1107,2018-06-09,Petrol,B,2326,1,0,1,1,1
13053,1108,2018-10-09,Petrol,B,505,0,0,0,1,1
13054,1109,2018-11-10,Petrol,B,882,0,0,0,0,1
13055,1110,2018-05-10,Petrol,B,837,1,0,0,1,0
13056,1111,2018-01-10,Petrol,B,2418,0,1,1,0,1
13057,1112,2018-08-10,Petrol,B,625,0,1,1,1,0
13058,1113,2018-06-10,Petrol,B,1643,1,1,0,1,0
13059,1114,2018-03-10,Petrol,B,1564,0,0,0,1,0
13060,1115,2018-06-10,Petrol,B,1642,0,0,0,1,1
13061,1116,2018-12-10,Petrol,B,1354,0,1,0,0,0
13062,1117,2018-03-10,Petrol,B,1614,1,1,0,0,1
13063,1118,2018-10-10,Petrol,B,1764,1,1,1,0,1
13064,1119,2018-12-10,Petrol,B,1848,1,1,1,0,1
13065,1120,2018-10-10,Petrol,B,953,1,1,0,1,1
13066,1121,2018-02-10,Petrol,B,2009,0,0,0,0,1
13067,1122,2018-07-10,Petrol,B,1726,0,1,0,1,1
13068,1123,2018-06-10,Petrol,B,741,1,1,1,0,1
13069,1124,2018-04-10,Petrol,B,2467,0,0,1,0,0
13070,1125,2018-05-10,Petrol,B,775,0,1,1,1,1
13071,1126,2018-01-10,Petrol,B,1545,1,0,0,1,0
13072,1127,2018-01-10,Petrol,B,631,1,0,0,1,1
13073,1128,2018-04-10,Petrol,B,2250,1,1,1,0,0
13074,1129,2018-10-10,Petrol,B,1741,0,0,0,1,0
13075,1130,2018-06-10,Petrol,B,1668,0,1,0,1,0
13076,1131,2018-02-10,Petrol,B,1303,1,1,1,0,1
13077,1132,2018-04-10,Petrol,B,691,1,0,1,1,0
13078,1133,2018-11-10,Petrol,B,1157,1,0,1,1,0
13079,1134,2018-01-10,Petrol,B,648,1,0,0,1,0
13080,1135,2018-06-10,Petrol,B,563,0,0,1,1,1
13081,1136,2018-12-10,Petrol,B,2040,1,1,1,0,1
13082,1137,2018-04-10,Petrol,B,1211,0,0,1,0,0
13083,1138,2018-10-10,Petrol,B,1666,0,1,1,1,0
13084,1139,2018-11-10,Petrol,B,1140,0,1,0,0,0
13085,1140,2018-03-10,Petrol,B,2108,0,0,0,0,1
13086,1141,2018-02-10,Petrol,B,1734,1,0,0,0,1
13087,1142,2018-02-10,Petrol,B,1281,0,0,0,0,0
13088,1143,2018-08-10,Petrol,B,1926,0,0,1,0,1
13089,1144,2018-03-10,Petrol,B,2095,1,0,0,1,0
13090,1145,2018-05-10,Petrol,B,2199,0,0,1,1,1
13091,1146,2018-12-10,Petrol,B,611,1,0,0,1,0
13092,1147,2018-07-11,Petrol,B,2117,1,1,1,1,1
13093,1148,2018-03-11,Petrol,B,1427,0,0,0,1,1
13094,1149,2018-10-11,Petrol,B,2141,0,1,1,1,1
13095,1150,2018-01-11,Petrol,B,1286,1,1,1,1,1
13096,1151,2018-02-11,Petrol,B,521,1,1,1,0,0
13097,1152,2018-02-11,Petrol,B,1002,0,1,1,0,1
13098,1153,2018-03-11,Petrol,B,1425,1,0,0,0,0
13099,1154,2018-06-11,Petrol,B,1796,1,1,0,1,1
13100,1155,2018-04-11,Petrol,B,1627,1,1,1,1,0
13101,1156,2018-12-11,Petrol,B,1019,1,0,1,0,0
13102,1157,2018-04-11,Petrol,B,1492,0,0,0,1,0
13103,1158,2018-06-11,Petrol,B,2220,0,1,1,1,1
13104,1159,2018-03-11,Petrol,B,705,0,1,0,1,1
13105,1160,2018-06-11,Petrol,B,1925,1,0,0,0,0
13106,1161,2018-01-11,Petrol,B,1673,1,0,0,0,1
13107,1162,2018-03-11,Petrol,B,2359,1,1,1,1,1
13108,1163,2018-01-11,Petrol,B,1857,1,1,0,1,1
13109,1164,2018-10-11,Petrol,B,2235,1,0,0,1,1
13110,1165,2018-04-11,Petrol,B,1192,1,1,1,0,0
13111,1166,2018-08-11,Petrol,B,1490,0,1,0,1,1
13112,1167,2018-10-11,Petrol,B,2156,1,1,1,1,1
13113,1168,2018-08-11,Petrol,B,2241,0,1,0,1,0
13114,1169,2018-03-11,Petrol,B,2052,0,1,1,1,0
13115,1170,2018-06-11,Petrol,B,1371,0,1,0,1,1
13116,1171,2018-11-11,Petrol,B,1351,1,1,0,1,0
13117,1172,2018-03-11,Petrol,B,1008,0,0,0,1,0
13118,1173,2018-01-11,Petrol,B,1798,0,1,0,1,0
13119,1174,2018-02-11,Petrol,B,1253,0,1,1,1,0
13120,1175,2018-01-11,Petrol,B,1939,1,0,0,0,0
13121,1176,2018-10-11,Petrol,B,2475,1,0,1,0,0
13122,1177,2018-12-11,Petrol,B,1949,0,1,0,0,1
13123,1178,2018-02-11,Petrol,B,1143,1,0,1,1,1
13124,1179,2018-06-11,Petrol,B,2084,0,1,0,1,0
13125,1180,2018-03-11,Petrol,B,2434,1,1,0,0,1
13126,1181,2018-04-11,Petrol,B,2313,0,0,0,1,0
13127,1182,2018-02-11,Petrol,B,500,0,1,0,0,0
13128,1183,2018-08-11,Petrol,B,1977,1,0,1,0,1
13129,1184,2018-10-11,Petrol,B,1195,1,1,1,0,0
13130,1185,2018-07-14,Petrol,B,1163,0,0,0,0,1
13131,1186,2018-07-16,Petrol,B,2010,1,0,0,1,1
13132,1187,2018-07-17,Petrol,B,532,1,1,1,0,1
13133,1188,2018-07-23,Petrol,B,2478,0,0,0,0,0
13134,1189,2018-07-15,Petrol,B,1388,1,0,0,0,0
13135,1190,2018-07-24,Petrol,B,1076,1,0,0,0,0
13136,1191,2018-01-07,Petrol,B,564,0,0,1,1,1
13137,1192,2018-06-07,Petrol,B,1225,0,0,1,0,0
13138,1193,2018-10-07,Petrol,B,2295,0,1,1,1,0
13139,1194,2018-03-07,Petrol,B,2285,1,0,1,1,1
13140,1195,2018-05-08,Petrol,B,508,1,0,1,1,0
13141,1196,2018-10-08,Petrol,B,1967,1,0,0,0,1
13142,1197,2018-10-08,Petrol,B,1553,0,0,1,1,1
13143,1198,2018-03-08,Petrol,B,2141,0,1,0,0,0
13144,1199,2018-06-08,Petrol,B,2102,1,0,1,1,0
13145,1200,2018-02-08,Petrol,B,1662,0,1,1,1,0
13146,1201,2018-02-08,Petrol,B,910,0,1,0,0,0
13147,1202,2018-03-08,Petrol,B,2402,0,1,0,1,0
13148,1203,2018-03-08,Petrol,B,1731,1,0,0,0,0
13149,1204,2018-04-08,Petrol,B,557,1,0,1,1,0
13150,1205,2018-10-08,Petrol,B,1377,1,0,0,1,0
13151,1206,2018-05-08,Petrol,B,2301,1,0,0,0,0
13152,1207,2018-12-08,Petrol,B,1157,0,0,1,0,0
13153,1208,2018-07-08,Petrol,B,629,1,0,1,1,0
13154,1209,2018-07-08,Petrol,B,2255,0,1,0,1,0
13155,1210,2018-11-08,Petrol,B,974,0,1,1,0,0
13156,1211,2018-08-08,Petrol,B,1399,1,0,0,1,0
13157,1212,2018-07-08,Petrol,B,1612,0,1,1,0,0
13158,1213,2018-04-08,Petrol,B,2410,1,0,1,1,1
13159,1214,2018-11-08,Petrol,B,1545,0,1,0,1,1
13160,1215,2018-05-08,Petrol,B,1566,1,1,0,0,1
13161,1216,2018-02-08,Petrol,B,703,1,0,0,1,1
13162,1217,2018-05-08,Petrol,B,1441,1,1,1,1,1
13163,1218,2018-05-08,Petrol,B,1005,1,1,1,0,1
13164,1219,2018-03-08,Petrol,B,2163,1,0,0,1,0
13165,1220,2018-08-08,Petrol,B,1835,1,0,1,1,1
13166,1221,2018-06-08,Petrol,B,2033,0,1,1,1,1
13167,1222,2018-06-08,Petrol,B,1950,1,1,0,0,0
13168,1223,2018-11-08,Petrol,B,699,0,0,1,0,1
13169,1224,2018-11-08,Petrol,B,817,0,0,1,0,0
13170,1225,2018-07-08,Petrol,B,2435,1,0,1,0,1
13171,1226,2018-02-08,Petrol,B,1216,0,0,0,1,0
13172,1227,2018-08-08,Petrol,B,705,0,1,1,1,0
13173,1228,2018-03-08,Petrol,B,2443,0,0,1,1,1
13174,1229,2018-03-08,Petrol,B,1398,1,0,1,0,0
13175,1230,2018-03-09,Petrol,B,2471,0,1,1,1,1
13176,1231,2018-12-09,Petrol,B,1854,1,0,1,1,0
13177,1232,2018-01-09,Petrol,B,675,0,0,1,0,1
13178,1233,2018-11-09,Petrol,B,1035,1,0,0,0,0
13179,1234,2018-01-09,Petrol,B,926,1,1,0,1,0
13180,1235,2018-02-09,Petrol,B,2171,0,1,1,1,1
13181,1236,2018-05-09,Petrol,B,2064,1,1,0,1,0
13182,1237,2018-12-09,Petrol,B,934,1,1,0,1,1
13183,1238,2018-12-09,Petrol,B,1681,0,1,1,1,1
13184,1239,2018-01-09,Petrol,B,1556,1,0,1,0,1
13185,1240,2018-06-09,Petrol,B,2111,1,0,0,1,1
13186,1241,2018-08-09,Petrol,B,2048,0,0,1,1,1
13187,1242,2018-04-09,Petrol,B,507,0,0,0,1,0
13188,1243,2018-09-09,Petrol,B,1799,1,0,0,0,1
13189,1244,2018-08-09,Petrol,B,2292,1,0,1,1,0
13190,1245,2018-09-09,Petrol,B,2143,0,0,1,0,0
13191,1246,2018-05-09,Petrol,B,2198,0,1,1,1,1
13192,1247,2018-06-09,Petrol,B,581,1,0,0,1,0
13193,1248,2018-06-09,Petrol,B,2364,1,1,0,0,0
13194,1249,2018-04-09,Petrol,B,533,1,0,1,0,0
13195,1250,2018-10-09,Petrol,B,1911,1,1,1,0,1
13196,1251,2018-11-09,Petrol,B,1559,0,0,1,0,1
13197,1252,2018-12-09,Petrol,B,2477,0,0,0,1,0
13198,1253,2018-11-09,Petrol,B,878,0,0,0,0,0
13199,1254,2018-05-09,Petrol,B,1090,0,0,1,0,0
13200,1255,2018-11-09,Petrol,B,909,0,0,0,1,1
13201,1256,2018-01-09,Petrol,B,833,0,1,0,0,0
13202,1257,2018-07-09,Petrol,B,1031,1,1,1,0,0
13203,1258,2018-12-09,Petrol,B,1947,0,1,0,1,0
13204,1259,2018-04-09,Petrol,B,1757,1,1,0,1,1
13205,1260,2018-06-09,Petrol,B,993,0,0,1,1,0
13206,1261,2018-07-09,Petrol,B,1078,0,1,1,0,1
13207,1262,2018-06-09,Petrol,B,1349,0,1,1,0,0
13208,1263,2018-06-09,Petrol,B,1801,1,0,1,0,1
13209,1264,2018-01-09,Petrol,B,511,1,0,0,0,1
13210,1265,2018-07-09,Petrol,B,1709,0,0,0,1,1
13211,1266,2018-06-09,Petrol,B,973,0,1,1,0,1
13212,1267,2018-09-09,Petrol,B,747,0,0,1,0,1
13213,1268,2018-05-09,Petrol,B,1102,1,0,0,1,0
13214,1269,2018-04-09,Petrol,B,1878,0,1,0,1,1
13215,1270,2018-10-09,Petrol,B,975,0,1,0,0,0
13216,1271,2018-02-09,Petrol,B,803,1,1,0,0,1
13217,1272,2018-12-09,Petrol,B,2339,1,1,0,1,1
13218,1273,2018-03-09,Petrol,B,1340,1,0,1,0,0
13219,1274,2018-01-09,Petrol,B,1539,1,1,0,1,1
13220,1275,2018-06-09,Petrol,B,1364,0,0,0,1,1
13221,1276,2018-04-09,Petrol,B,1083,1,0,0,0,1
13222,1277,2018-05-09,Petrol,B,2380,1,0,1,1,0
13223,1278,2018-04-09,Petrol,B,2238,0,1,0,0,1
13224,1279,2018-02-09,Petrol,B,2192,0,1,1,1,1
13225,1280,2018-06-09,Petrol,B,1302,1,1,0,0,0
13226,1281,2018-01-09,Petrol,B,773,1,0,0,1,0
13227,1282,2018-06-09,Petrol,B,2107,0,1,0,1,0
13228,1283,2018-10-09,Petrol,B,1212,1,0,1,0,1
13229,1284,2018-11-10,Petrol,B,1090,0,0,1,1,0
13230,1285,2018-05-10,Petrol,B,1689,0,1,1,1,1
13231,1286,2018-01-10,Petrol,B,1390,0,0,1,1,0
13232,1287,2018-08-10,Petrol,B,2403,1,1,0,0,1
13233,1288,2018-06-10,Petrol,B,1525,1,0,1,1,0
13234,1289,2018-03-10,Petrol,B,2268,0,1,1,1,1
13235,1290,2018-06-10,Petrol,B,1261,0,0,0,1,1
13236,1291,2018-12-10,Petrol,B,1538,0,1,1,1,1
13237,1292,2018-03-10,Petrol,B,1536,1,0,0,1,1
13238,1293,2018-10-10,Petrol,B,1704,0,1,1,0,0
13239,1294,2018-12-10,Petrol,B,2018,0,1,1,1,1
13240,1295,2018-10-10,Petrol,B,1967,0,1,1,0,0
13241,1296,2018-02-10,Petrol,B,1884,1,0,0,1,1
13242,1297,2018-07-10,Petrol,B,2253,1,0,1,0,1
13243,1298,2018-06-10,Petrol,B,1969,1,0,1,0,1
13244,1299,2018-04-10,Petrol,B,667,0,0,0,0,0
13245,1300,2018-05-10,Petrol,B,1584,0,0,0,0,1
13246,1301,2018-01-10,Petrol,B,577,1,0,1,0,1
13247,1302,2018-01-10,Petrol,B,2441,0,0,1,0,0
13248,1303,2018-04-10,Petrol,B,616,1,0,1,1,1
13249,1304,2018-10-10,Petrol,B,1801,1,1,0,1,0
13250,1305,2018-06-10,Petrol,B,1613,0,0,1,0,1
13251,1306,2018-02-10,Petrol,B,1893,0,1,0,0,1
13252,1307,2018-04-10,Petrol,B,1280,0,1,1,1,1
13253,1308,2018-11-10,Petrol,B,1698,1,1,0,0,0
13254,1309,2018-01-10,Petrol,B,578,0,1,0,0,1
13255,1310,2018-06-10,Petrol,B,2085,0,0,1,1,0
13256,1311,2018-12-10,Petrol,B,1258,0,0,1,1,0
13257,1312,2018-04-10,Petrol,B,1150,1,1,1,1,0
13258,1313,2018-10-10,Petrol,B,762,1,1,0,1,0
13259,1314,2018-11-10,Petrol,B,1418,0,0,0,0,0
13260,1315,2018-03-10,Petrol,B,1784,1,1,1,1,1
13261,1316,2018-02-10,Petrol,B,1278,0,1,1,0,1
13262,1317,2018-02-10,Petrol,B,1312,0,1,1,0,1
13263,1318,2018-08-10,Petrol,B,1755,0,1,1,1,0
13264,1319,2018-03-10,Petrol,B,954,1,1,0,0,0
13265,1320,2018-05-10,Petrol,B,1451,0,1,0,1,1
13266,1321,2018-12-10,Petrol,B,2485,1,0,1,1,1
13267,1322,2018-07-11,Petrol,B,2380,0,1,1,0,1
13268,1323,2018-03-11,Petrol,B,1573,1,1,0,0,1
13269,1324,2018-10-11,Petrol,B,2220,0,0,0,1,1
13270,1325,2018-01-11,Petrol,B,2070,0,1,1,1,0
13271,1326,2018-02-11,Petrol,B,1995,0,0,1,1,1
13272,1327,2018-02-11,Petrol,B,578,0,0,0,0,1
13273,1328,2018-03-11,Petrol,B,1142,0,1,0,0,1
13274,1329,2018-06-11,Petrol,B,2023,1,1,0,1,1
13275,1330,2018-04-11,Petrol,B,2391,0,1,1,0,0
13276,1331,2018-12-11,Petrol,B,1337,1,1,1,0,0
13277,1332,2018-04-11,Petrol,B,2384,0,0,0,1,1
13278,1333,2018-06-11,Petrol,B,1782,0,1,0,0,0
13279,1334,2018-03-11,Petrol,B,2458,0,0,0,1,1
13280,1335,2018-06-11,Petrol,B,1680,1,0,1,1,0
13281,1336,2018-01-11,Petrol,B,1528,0,0,0,0,0
13282,1337,2018-03-11,Petrol,B,2386,1,1,1,1,1
13283,1338,2018-01-11,Petrol,B,531,0,0,0,1,0
13284,1339,2018-10-11,Petrol,B,2490,0,0,1,0,0
13285,1340,2018-04-11,Petrol,B,1493,1,1,0,1,0
13286,1341,2018-08-11,Petrol,B,2195,1,1,0,0,1
13287,1342,2018-10-11,Petrol,B,1004,1,1,0,0,0
13288,1343,2018-08-11,Petrol,B,698,1,0,0,1,0
13289,1344,2018-03-11,Petrol,B,710,0,1,0,0,1
13290,1345,2018-06-11,Petrol,B,858,0,1,0,1,0
13291,1346,2018-11-11,Petrol,B,892,1,0,0,1,1
13292,1347,2018-03-11,Petrol,B,2157,1,1,1,1,1
13293,1348,2018-01-11,Petrol,B,1227,1,1,0,1,0
13294,1349,2018-02-11,Petrol,B,733,0,0,0,1,0
13295,1350,2018-01-11,Petrol,B,1471,1,0,1,0,1
13296,1351,2018-10-11,Petrol,B,1546,0,1,0,1,1
13297,1352,2018-12-11,Petrol,B,1391,0,0,0,0,0
13298,1353,2018-02-11,Petrol,B,1971,1,0,1,0,1
13299,1354,2018-06-11,Petrol,B,1609,0,1,1,1,1
13300,1355,2018-03-11,Petrol,B,1868,1,0,1,1,1
13301,1356,2018-04-11,Petrol,B,2057,0,0,0,1,1
13302,1357,2018-02-11,Petrol,B,774,1,0,0,1,0
13303,1358,2018-08-11,Petrol,B,1696,1,0,0,0,0
13304,1359,2018-10-11,Petrol,B,1794,0,0,0,0,1
13305,1360,2018-09-16,Petrol,B,1393,1,1,0,1,0
13306,1361,2018-11-09,Petrol,B,2042,0,0,1,1,0
13307,1362,2018-01-09,Petrol,B,1497,0,0,0,0,1
13308,1363,2018-07-09,Petrol,B,2152,0,0,0,0,1
13309,1364,2018-12-09,Petrol,B,643,1,0,0,1,1
13310,1365,2018-04-09,Petrol,B,965,1,1,0,1,1
13311,1366,2018-06-09,Petrol,B,1177,1,1,1,0,1
13312,1367,2018-07-09,Petrol,B,856,0,1,0,0,0
13313,1368,2018-06-09,Petrol,B,2473,0,1,1,0,1
13314,1369,2018-06-09,Petrol,B,1112,0,0,0,1,1
13315,1370,2018-01-09,Petrol,B,1104,0,1,0,1,1
13316,1371,2018-07-09,Petrol,B,765,0,0,1,1,1
13317,1372,2018-06-09,Petrol,B,2173,1,1,1,1,0
13318,1373,2018-09-09,Petrol,B,1897,1,0,1,1,0
13319,1374,2018-05-09,Petrol,B,1402,0,1,1,0,1
13320,1375,2018-04-09,Petrol,B,1088,0,1,0,1,1
13321,1376,2018-10-09,Petrol,B,1890,0,1,0,0,1
13322,1377,2018-02-09,Petrol,B,526,0,0,1,1,0
13323,1378,2018-12-09,Petrol,B,553,1,1,1,0,1
13324,1379,2018-03-09,Petrol,B,1612,0,0,0,1,1
13325,1380,2018-01-09,Petrol,B,1892,1,1,0,0,0
13326,1381,2018-06-09,Petrol,B,1680,0,0,1,0,0
13327,1382,2018-04-09,Petrol,B,999,0,1,0,1,1
13328,1383,2018-05-09,Petrol,B,690,0,0,0,0,0
13329,1384,2018-04-09,Petrol,B,1015,1,0,0,1,0
13330,1385,2018-02-09,Petrol,B,2080,1,0,0,1,1
13331,1386,2018-06-09,Petrol,B,1009,1,1,0,1,0
13332,1387,2018-01-09,Petrol,B,1616,1,0,0,1,1
13333,1388,2018-06-09,Petrol,B,630,1,0,1,0,0
13334,1389,2018-10-09,Petrol,B,840,1,0,1,0,1
13335,1390,2018-11-10,Petrol,B,2201,1,0,1,1,0
13336,1391,2018-05-10,Petrol,B,2354,0,1,1,1,1
13337,1392,2018-01-10,Petrol,B,1008,0,1,0,1,0
13338,1393,2018-08-10,Petrol,B,1715,1,1,0,1,1
13339,1394,2018-06-10,Petrol,B,1496,1,0,0,1,1
13340,1395,2018-03-10,Petrol,B,2314,0,1,0,0,0
13341,1396,2018-06-10,Petrol,B,758,1,0,1,0,0
13342,1397,2018-12-10,Petrol,B,1427,1,0,1,0,0
13343,1398,2018-03-10,Petrol,B,1101,0,0,1,1,1
13344,1399,2018-10-10,Petrol,B,843,1,0,0,1,1
13345,1400,2018-12-10,Petrol,B,1977,0,0,1,1,1
13346,1401,2018-10-10,Petrol,B,1569,1,0,1,1,0
13347,1402,2018-02-10,Petrol,B,1533,1,1,0,0,0
13348,1403,2018-07-10,Petrol,B,1147,1,1,1,1,1
13349,1404,2018-06-10,Petrol,B,1413,1,0,1,1,0
13350,1405,2018-04-10,Petrol,B,1362,0,0,1,0,0
13351,1406,2018-05-10,Petrol,B,1900,0,0,0,0,0
13352,1407,2018-01-10,Petrol,B,1791,0,1,0,0,0
13353,1408,2018-01-10,Petrol,B,1593,1,0,0,1,1
13354,1409,2018-04-10,Petrol,B,2115,0,1,1,1,1
13355,1410,2018-10-10,Petrol,B,693,1,1,1,1,0
13356,1411,2018-06-10,Petrol,B,1939,0,0,1,0,1
13357,1412,2018-02-10,Petrol,B,1191,0,0,1,1,0
13358,1413,2018-04-10,Petrol,B,2272,1,1,0,0,1
13359,1414,2018-11-10,Petrol,B,2134,0,0,1,0,0
13360,1415,2018-01-10,Petrol,B,1357,1,1,0,0,1
13361,1416,2018-06-10,Petrol,C,1067,1,0,1,1,0
13362,1417,2018-12-10,Petrol,C,1636,1,0,0,0,0
13363,1418,2018-04-10,Petrol,C,1986,1,1,1,0,0
13364,1419,2018-10-10,Petrol,C,969,0,0,0,0,0
13365,1420,2018-11-10,Petrol,C,789,0,1,1,0,0
13366,1421,2018-03-10,Petrol,C,1116,1,0,1,1,0
13367,1422,2018-02-10,Petrol,C,1195,0,1,1,1,0
13368,1423,2018-02-10,Petrol,C,1180,0,1,1,0,0
13369,1424,2018-08-10,Petrol,C,696,1,0,0,0,1
13370,1425,2018-03-10,Petrol,C,1105,1,1,1,0,1
13371,1426,2018-05-10,Petrol,C,1007,0,1,0,0,1
13372,1427,2018-12-10,Petrol,C,585,1,0,0,0,1
13373,1428,2018-07-11,Petrol,C,1384,1,0,0,1,0
13374,1429,2018-03-11,Petrol,C,519,1,0,0,1,1
13375,1430,2018-10-11,Petrol,C,1013,1,0,0,0,1
13376,1431,2018-01-11,Petrol,C,695,0,1,1,1,0
13377,1432,2018-02-11,Petrol,C,1184,0,0,0,1,1
13378,1433,2018-02-11,Petrol,C,673,1,0,0,1,0
13379,1434,2018-03-11,Petrol,C,2097,0,0,0,0,1
13380,1435,2018-06-11,Petrol,C,2105,0,0,0,0,1
13381,1436,2018-04-11,Petrol,C,555,1,0,1,1,0
13382,1437,2018-12-11,Petrol,C,558,1,1,1,0,1
13383,1438,2018-04-11,Petrol,C,640,1,1,0,0,1
13384,1439,2018-06-11,Petrol,C,2012,0,0,0,1,0
13385,1440,2018-03-11,Petrol,C,914,0,1,1,0,1
13386,1441,2018-06-11,Petrol,C,1479,1,1,1,0,0
13387,1442,2018-01-11,Petrol,C,2122,0,0,0,1,0
13388,1443,2018-03-11,Petrol,C,948,1,1,0,1,1
13389,1444,2018-01-11,Petrol,C,2371,1,0,1,1,0
13390,1445,2018-10-11,Petrol,C,542,1,0,1,1,0
13391,1446,2018-04-11,Petrol,C,2145,1,0,1,0,0
13392,1447,2018-08-11,Petrol,C,1675,1,1,0,0,1
13393,1448,2018-10-11,Petrol,C,825,1,1,0,0,0
13394,1449,2018-08-11,Petrol,C,2018,1,1,0,0,0
13395,1450,2018-03-11,Petrol,C,1352,0,1,0,1,1
13396,1451,2018-06-11,Diesel,C,1433,1,1,1,0,0
13397,1452,2018-11-11,Diesel,C,1866,1,1,1,1,0
13398,1453,2018-03-11,Diesel,C,1772,0,0,1,0,0
13399,1454,2018-01-11,Diesel,C,1428,0,1,1,1,1
13400,1455,2018-02-11,Diesel,C,1773,0,0,1,0,1
13401,1456,2018-01-11,Diesel,C,1951,0,0,0,0,0
13402,1457,2018-10-11,Diesel,C,670,0,0,1,0,0
13403,1458,2018-12-11,Diesel,C,965,1,1,0,0,0
13404,1459,2018-02-11,Diesel,C,1780,0,1,0,1,0
13405,1460,2018-06-11,Diesel,C,782,0,0,0,0,1
13406,1461,2018-03-11,Diesel,C,2200,1,1,0,0,1
13407,1462,2018-04-11,Diesel,C,2424,1,1,1,0,0
13408,1463,2018-02-11,Diesel,C,2104,1,0,0,1,1
13409,1464,2018-08-11,Diesel,C,852,1,1,1,1,0
13410,1465,2018-10-11,Diesel,C,2126,0,1,1,0,1
13411,1466,2018-06-10,Diesel,C,2396,1,1,0,1,0
13412,1467,2018-04-10,Diesel,C,1658,1,0,1,1,1
13413,1468,2018-05-10,Diesel,C,2264,1,0,1,1,1
13414,1469,2018-01-10,Diesel,C,2393,1,1,1,0,0
13415,1470,2018-01-10,Diesel,C,586,1,1,1,1,1
13416,1471,2018-04-10,Diesel,C,874,1,0,1,0,0
13417,1472,2018-10-10,Diesel,C,944,1,1,1,1,0
13418,1473,2018-06-10,Diesel,C,1279,1,1,0,0,1
13419,1474,2018-02-10,Diesel,C,2074,0,0,1,1,0
13420,1475,2018-04-10,Diesel,C,1706,0,1,1,1,0
13421,1476,2018-11-10,Diesel,C,1179,0,0,1,0,0
13422,1477,2018-01-10,Diesel,C,1571,1,1,0,1,1
13423,1478,2018-06-10,Diesel,C,1465,1,1,1,1,1
13424,1479,2018-12-10,Diesel,C,1557,0,1,1,1,1
13425,1480,2018-04-10,Diesel,C,832,1,0,1,1,0
13426,1481,2018-10-10,Diesel,C,1146,0,0,0,0,1
13427,1482,2018-11-10,Diesel,C,1577,1,0,0,1,0
13428,1483,2018-03-10,Diesel,C,2356,1,1,1,1,0
13429,1484,2018-02-10,Diesel,C,1437,0,0,0,1,0
13430,1485,2018-02-10,Diesel,C,2436,1,1,1,1,0
13431,1486,2018-08-10,Diesel,C,1427,0,1,0,1,0
13432,1487,2018-03-10,Diesel,C,1949,0,0,1,1,1
13433,1488,2018-05-10,Diesel,C,1875,1,0,0,0,0
13434,1489,2018-12-10,Diesel,C,2167,1,1,1,1,0
13435,1490,2018-07-11,Diesel,C,1170,1,0,1,0,0
13436,1491,2018-03-11,Diesel,C,684,1,1,0,1,0
13437,1492,2018-10-11,Diesel,C,2148,0,1,0,1,0
13438,1493,2018-01-11,Diesel,C,635,1,1,0,1,1
13439,1494,2018-02-11,Diesel,C,925,1,0,1,1,0
13440,1495,2018-02-11,Diesel,C,709,1,1,0,1,1
13441,1496,2018-03-11,Diesel,C,2075,0,0,1,1,0
13442,1497,2018-06-11,Diesel,C,602,1,1,1,1,0
13443,1498,2018-04-11,Diesel,C,2130,1,0,0,0,1
13444,1499,2018-12-11,Diesel,C,1959,1,1,1,0,0
13445,1500,2018-04-11,Diesel,C,780,0,1,1,0,0
13446,1501,2018-06-11,Diesel,C,2126,0,1,1,1,0
13447,1502,2018-03-11,Diesel,C,1768,1,0,0,0,1
13448,1503,2018-06-11,Diesel,C,1637,0,0,0,1,1
13449,1504,2018-01-11,Diesel,C,1889,0,1,0,1,1
13450,1505,2018-03-11,Diesel,C,2146,1,0,1,1,1
13451,1506,2018-01-11,Diesel,C,1355,1,0,0,1,0
13452,1507,2018-10-11,Diesel,C,1082,0,1,0,1,1
13453,1508,2018-04-11,Diesel,C,2394,0,1,1,1,0
13454,1509,2018-08-11,Diesel,C,926,1,1,1,1,1
13455,1510,2018-10-11,Diesel,C,892,0,1,1,0,1
13456,1511,2018-08-11,Diesel,C,994,0,0,1,1,0
13457,1512,2018-03-11,Diesel,C,2260,0,1,1,0,0
13458,1513,2018-06-11,Diesel,C,1149,1,1,0,1,1
13459,1514,2018-11-11,Diesel,C,2283,1,0,1,0,0
13460,1515,2018-03-11,Diesel,C,1663,0,1,1,0,1
13461,1516,2018-01-11,Diesel,C,2197,1,1,1,0,1
13462,1517,2018-02-11,Diesel,C,1669,0,0,1,0,1
13463,1518,2018-01-11,Diesel,C,1547,0,0,0,1,0
13464,1519,2018-10-11,Diesel,C,899,0,0,1,0,0
13465,1520,2018-12-11,Diesel,C,2439,0,1,1,0,1
13466,1521,2018-02-11,Diesel,C,1867,0,1,0,0,1
13467,1522,2018-06-11,Diesel,C,898,1,1,1,0,0
13468,1523,2018-03-11,Diesel,C,962,1,1,0,1,0
13469,1524,2018-04-11,Diesel,C,1875,1,1,0,1,0
13470,1525,2018-02-11,Diesel,C,1157,0,0,1,1,0
13471,1526,2018-08-11,Diesel,C,2376,0,1,0,0,1
13472,1527,2018-10-11,Diesel,C,1523,1,0,1,1,0
13473,1528,2018-11-17,Diesel,C,1850,1,0,0,1,0
13474,1529,2018-11-24,Diesel,C,1828,1,1,0,1,1
13475,1530,2018-02-11,Diesel,C,1140,0,0,0,1,0
13476,1531,2018-11-14,Diesel,C,1208,1,0,1,1,0
13477,1532,2018-11-14,Diesel,C,1716,0,0,1,1,0
13478,1533,2018-11-14,Diesel,C,731,0,1,0,0,1
13479,1534,2018-11-14,Diesel,C,1128,1,1,0,0,1
13480,1535,2018-11-14,Diesel,C,1541,1,0,0,0,1
13481,1536,2018-02-11,Diesel,C,2498,0,1,0,1,0
13482,1537,2018-11-14,Diesel,C,2125,0,0,1,1,1
13483,1538,2018-11-14,Diesel,C,2130,0,0,1,1,0
13484,1539,2018-11-14,Diesel,C,863,1,1,0,1,1
13485,1540,2018-11-14,Diesel,C,1635,1,1,1,0,0
13486,1541,2018-11-14,Diesel,C,1403,1,0,0,0,0
13487,1542,2018-11-14,Diesel,C,2470,0,1,1,1,1
13488,1543,2018-11-14,Diesel,C,822,1,1,1,0,1
13489,1544,2018-03-11,Diesel,C,2054,0,1,1,0,1
13490,1545,2018-11-14,Diesel,C,2322,0,1,0,0,0
13491,1546,2018-11-14,Diesel,C,950,1,1,1,1,1
13492,1547,2018-06-11,Diesel,C,2026,0,1,0,0,1
13493,1548,2018-11-14,Diesel,C,2000,0,1,1,0,1
13494,1549,2018-11-14,Diesel,C,935,0,0,1,1,0
13495,1550,2018-11-14,Diesel,C,1506,0,1,1,1,1
13496,1551,2018-04-11,Diesel,C,520,0,1,0,0,1
13497,1552,2018-12-11,Diesel,C,759,1,0,0,0,1
13498,1553,2018-11-14,Diesel,C,2338,0,1,1,1,0
13499,1554,2018-11-14,Diesel,C,1957,1,1,1,0,0
13500,1555,2018-04-11,Diesel,C,2201,1,1,0,1,1
13501,1556,2018-11-14,Diesel,C,1021,1,0,1,1,1
13502,1557,2018-06-11,Diesel,C,1738,0,0,0,1,0
13503,1558,2018-11-14,Diesel,C,629,1,1,0,0,1
13504,1559,2018-03-11,Diesel,C,714,1,1,1,0,0
13505,1560,2018-11-14,Diesel,C,1461,0,0,0,1,0
13506,1561,2018-11-14,Diesel,C,2477,1,1,1,0,1
13507,1562,2018-06-11,Diesel,C,1275,1,0,1,0,0
13508,1563,2018-11-14,Diesel,C,1937,1,1,1,0,0
13509,1564,2018-11-14,Diesel,C,1961,0,0,0,1,0
13510,1565,2018-01-11,Diesel,C,2482,1,0,1,1,0
13511,1566,2018-03-11,Diesel,C,2128,1,0,1,0,1
13512,1567,2018-01-11,Diesel,C,1981,0,1,0,1,0
13513,1568,2018-10-11,Diesel,C,1564,1,0,0,1,1
13514,1569,2018-04-11,Diesel,C,2380,1,0,1,0,1
13515,1570,2018-11-14,Diesel,C,867,1,1,1,1,0
13516,1571,2018-11-14,Diesel,C,698,0,1,0,0,1
13517,1572,2018-08-11,Diesel,C,1548,0,1,1,0,0
13518,1573,2018-10-11,Diesel,C,2083,0,1,0,0,1
13519,1574,2018-11-14,Diesel,C,757,1,1,0,0,0
13520,1575,2018-08-11,Diesel,C,754,1,1,1,0,1
13521,1576,2018-03-11,Diesel,C,2449,0,1,0,0,1
13522,1577,2018-11-14,Diesel,C,600,0,1,0,1,0
13523,1578,2018-11-14,Diesel,C,974,0,1,0,0,0
13524,1579,2018-11-14,Diesel,C,1370,1,1,1,0,0
13525,1580,2018-06-11,Diesel,C,1348,1,0,1,0,0
13526,1581,2018-11-11,Diesel,C,834,1,1,1,0,0
13527,1582,2018-03-11,Diesel,C,2464,0,0,1,0,1
13528,1583,2018-01-11,Diesel,C,546,1,0,1,0,0
13529,1584,2018-11-14,Diesel,C,676,1,0,0,1,1
13530,1585,2018-02-11,Diesel,C,1487,1,0,0,1,0
13531,1586,2018-01-11,Diesel,C,2296,0,0,0,0,1
13532,1587,2018-11-14,Diesel,C,2365,0,0,1,0,0
13533,1588,2018-10-11,Diesel,C,831,0,1,0,0,1
13534,1589,2018-12-11,Diesel,C,2295,1,0,1,1,0
13535,1590,2018-02-11,Diesel,C,1709,1,1,1,1,0
13536,1591,2018-11-14,Diesel,C,2464,1,0,1,1,1
13537,1592,2018-11-14,Diesel,C,1827,1,0,1,1,1
13538,1593,2018-06-11,Diesel,C,1284,1,1,0,0,0
13539,1594,2018-03-11,Diesel,C,1936,1,0,1,0,0
13540,1595,2018-11-14,Diesel,C,1331,1,0,0,1,0
13541,1596,2018-04-11,Diesel,C,2221,0,0,0,0,1
13542,1597,2018-02-11,Diesel,C,1034,0,1,0,0,1
13543,1598,2018-08-11,Diesel,C,637,0,0,1,1,0
13544,1599,2018-10-11,Diesel,C,1579,1,0,1,1,1
